"0","prob_100_gen <- read.csv(prob_100_gen_loc, na.strings = ""NONE"")"
"0","prob_300_gen <- read.csv(prob_300_gen_loc, na.strings = ""NONE"")"
"0","prob_half_gen <- read.csv(prob_half_gen_loc, na.strings = ""NONE"")"
"0","prob_full_gen <- read.csv(prob_full_gen_loc, na.strings = ""NONE"")"
"0"," "
"0","prob_100_eva <- read.csv(prob_100_eva_loc, na.strings = ""NONE"")"
"0","prob_300_eva <- read.csv(prob_300_eva_loc, na.strings = ""NONE"")"
"0","prob_half_eva <- read.csv(prob_half_eva_loc, na.strings = ""NONE"")"
"0","prob_full_eva <- read.csv(prob_full_eva_loc, na.strings = ""NONE"")"
"0","```"
"2","Error: attempt to use zero-length variable name
"
